<?xml version="1.0" encoding="utf-8" ?>
<control xmlns:def="Definition" xmlns="http://schemas.sitecore.net/Visual-Studio-Intellisense">
  <RichText.InsertContentToken>
    <FormDialog Header="Insert ContentToken" Text="Select the variable that you want to insert." OKButton="Insert">

      <script Type="text/javascript" Language="javascript" Src="/sitecore/shell/Controls/Rich Text Editor/InsertContentToken/InsertContentToken.js">.</script>

      <CodeBeside Type="Sitecore.XA.Feature.ContentTokens.Dialogs.InsertContentTokenForm,Sitecore.XA.Feature.ContentTokens"/>

      <DataContext ID="DataContext" Root="{3D6658D8-A0BF-4E75-B3E2-D050FABCF4E1}"/>

      <Border Class="scMediaTreeBorder" GridPanel.Height="100%" GridPanel.Width="50%">
        <Scrollbox Class="scScrollbox scMediaTree">
          <TreeviewEx ID="Treeview" DataContext="DataContext" Click="SelectTreeNode" ShowRoot="true" ContextMenu='Treeview.GetContextMenu("contextmenu")' />
        </Scrollbox>
      </Border>
      <Edit ID="ContentTokenName" Visible="false" />
    </FormDialog>
  </RichText.InsertContentToken>
</control>
