<?xml version="1.0" encoding="utf-8" ?>
<control xmlns:def="Definition" xmlns="http://schemas.sitecore.net/Visual-Studio-Intellisense">
  <DatasourceSettings>
    <FormDialog Icon="Network/32x32/link.png" Header="Create Datasource Settings" Text="Select the rendering that you want to create datasource settings for." OKButton="OK">
      <CodeBeside Type="Sitecore.XA.Foundation.LocalDatasources.RenderingDatasources.DatasourceSettingsPage, Sitecore.XA.Foundation.LocalDatasources"/>
	  <DataContext ID="DataContext" Root="/"/>

      
          <Border ID="Items" Height="100%">
            <TreeviewEx ID="Treeview" DataContext="DataContext" ShowRoot="false" DblClick="OK_Click" ContextMenu='Treeview.GetContextMenu("contextmenu")' />
          </Border>
    </FormDialog>
  </DatasourceSettings>
</control>
