<?xml version="1.0" encoding="utf-8" ?>
<control xmlns:def="Definition" xmlns="http://schemas.sitecore.net/Visual-Studio-Intellisense">
  <YesNo>
    <FormDialog Header="Information">
      <Stylesheet>
        .footerOkCancel{
            display: none;
        }

        .scButtonsSubstituteContainer {
            position: absolute;
            right: 15px;
            top: 8px;
        }

        .scConfirmationContainer td:first-child{
            width: 1px;
        }

        .scConfirmationContainer td:last-child{
            padding-left: 15px;
        }
      </Stylesheet>
      <CodeBeside Type="Sitecore.XA.Foundation.SitecoreExtensions.Controls.YesNoForm,Sitecore.XA.Foundation.SitecoreExtensions"/>
      
      <GridPanel class="scConfirmationContainer" Columns="2" Width="100%" >
        <ThemedImage class="scConfirmationIcon" Src="Images/information.png" />
        <Literal class="scDialogMessage" ID="Text"/>
      </GridPanel>

      <Border class="scButtonsSubstituteContainer" def:placeholder="Buttons">
        <Button Click="Yes" class="scButton scButtonPrimary" KeyCode="13" Header="Yes" />
        <Button Click="No" Header="No" />
      </Border>
    </FormDialog>
  </YesNo>
</control>
