﻿<?xml version="1.0" encoding="utf-8" ?>
<control xmlns:def="Definition" xmlns="http://schemas.sitecore.net/Visual-Studio-Intellisense">
    <Sitecore.XA.Feature.PageBranches.Dialogs.SelectPageBranchForm>
        <FormDialog ID="Dialog" Icon="Core/32x32/open_document.png" Header="Select Page Branch" Text="Select page branch that you wish to choose." OKButton="Open">

            <CodeBeside Type="Sitecore.XA.Feature.PageBranches.Dialogs.SelectPageBranchForm,Sitecore.XA.Feature.PageBranches"/>

            <DataContext ID="DataContext" Root="/"/>

            <Tabstrip ID="Tabs">
                <Tab ID="MediaLibraryTab" Header="Browse" Height="100%">
                    <Border ID="Items" Height="100%">
                        <Literal ID="NoItemsAvailableText" Text="No items available. Perform a search to locate the relevant item." Visible="False" Style="display:flexbox;display:flex;justify-content:center;align-items:center;height:100%" />
                        <SourcedMultiRootTreeview ID="Treeview" DataContext="DataContext" DblClick="SelectPageBranchClick" ShowRoot="true" ContextMenu='Treeview.GetContextMenu("contextmenu")'/>
                    </Border>
                </Tab>
                <SearchTab Mode="FieldResults" Header="Search" Height="100%"/>
            </Tabstrip>
        </FormDialog>
    </Sitecore.XA.Feature.PageBranches.Dialogs.SelectPageBranchForm>
</control>