﻿<?xml version="1.0" encoding="utf-8"?>

<control xmlns:def="Definition" xmlns="http://schemas.sitecore.net/Visual-Studio-Intellisense"
         xmlns:x="http://www.sitecore.net/xaml">
  <PowerShellSessionElevation>
    <FormPage>
      <CodeBeside Type="Spe.Client.Applications.PowerShellSessionElevation,Spe" />

      <Script src="/sitecore modules/PowerShell/Scripts/jquery-3.5.1.min.js"></Script>
      <Script>$ise = jQuery.noConflict();</Script>
      <Script src="/sitecore/shell/Applications/Content Manager/Content Editor.js"></Script>
      <Script src="/sitecore modules/PowerShell/Scripts/jquery-ui.min.js"></Script>
      <Script src="/sitecore modules/PowerShell/Scripts/jquery.qtip.min.js"></Script>
      <Script src="/sitecore modules/PowerShell/Scripts/VariablePrompt.js"></Script>

      <Stylesheet Src="Dialogs.css" DeviceDependant="true" runat="server" />
      <Stylesheet Src="/sitecore modules/PowerShell/Styles/jquery.qtip.min.css" DeviceDependant="true" runat="server" x:placeholder="Stylesheets" />
      <Stylesheet Src="/sitecore modules/PowerShell/Styles/VariablePrompt.css" DeviceDependant="true" runat="server" x:placeholder="Stylesheets" />
      <Stylesheet Src="/sitecore modules/PowerShell/Styles/Dialogs.css" runat="server" x:placeholder="Stylesheets" />

      <script>
        function OnTabSelect() {
        if (window.Flexie) Flexie.updateInstance();
        }
        document.observe("keydown", function(event) {
        if (event.keyCode == 13) {
        var ctl = event.target;
        if (ctl != null) {
        if (ctl.tagName == "INPUT")  {
        if (ctl.onsubmit){
        if(ctl.onsubmit.toString().indexOf("return false;") >= 0) {
        return;
        }
        }
        }
        }

        var ok = $("OKButton");

        if (ok != null) {
        ok.click();
        }
        }
        if (event.keyCode == 27) {
        var ok = $("CancelButton");

        if (ok != null) {
        ok.click();
        }
        }
        });
        var windowCaptions = $ise(".ui-dialog-titlebar", window.parent.document);
        var windowCaption = windowCaptions[windowCaptions.length-1];
        windowCaption.style.display = "none";
      </script>

      <Literal ID="CustomStyles" />

      <Border class="scFlexColumnContainer scStretch spe-secured-app">
        <Border class="scDialogHeader">
          <ThemedImage Src="powershell/32x32/powershell.png" class="psVarPromptHeaderIcon" Visible="false" />
          <Border>
            <Border Class="DialogHeader">
              <Literal Text="Elevate Session State" ID="DialogHeader" style="margin-top:10px;"/>
            </Border>
            <Border Class="DialogHeaderDescription">
              <Literal
                Text="Performing '{0}' action on a script requires an elevated session state."
                ID="DialogDescription" />
            </Border>
          </Border>
        </Border>

        <Scrollbox Class="scFlexContent">
          <Scrollbox ID="ValuePanel" Class="scStretchAbsolute scDialogContentContainer">
            <Border class="scWizardWarning" def:content="Notifications">
              <ThemedImage src="/sitecore/shell/themes/standard/Images/warning.png" />
              <Border style="display:flex;">
                <Literal class="scEditorWarningText" Text="If you were sent to this page from a link obtained from an untrusted source please proceed with caution or validate the link source before continuing." ID="Warning" />
              </Border>
            </Border>
            <Border style="padding: 15px 5px;">
              <Literal Text="Enter your credentials to validate access to {0} a script." ID="DialogMessage" />
              <Literal Text="Confirm to validate access to {0} a script." ID="DialogMessageConfirm" Visible="false" />
            </Border>
            <GridPanel border="0" Width="100%" cellpadding="0" cellspacing="0" Columns="2">
              <Literal GridPanel.style="text-align: right; padding: 10px 4px 20px 4px;" Text="Username:" />
              <Literal GridPanel.style="padding: 10px 4px 20px 4px;" ID="UserName" style="font-weight:bold;"/>
              <Literal GridPanel.style="text-align: right; padding: 4px;" Text="Password:" ID="PasswordLabel" />
              <PasswordExtended GridPanel.style="padding: 4px;" ID="PasswordBox" />
            </GridPanel>
          </Scrollbox>
        </Scrollbox>
        <div Class="scFormDialogFooter">
          <Image ID="Copyright" src="/~/icon/office/24x24/question.png" Alt="Show copyright..."
                 Title="Show copyright..." />
          <div class="footerOkCancel">
            <Button ID="OKButton" Class="scButton scButtonPrimary" KeyCode="13" Click="OkClick" Header="OK" />
            <Button ID="CancelButton" Class="scButton" KeyCode="27" Click="CancelClick" Header="Cancel" />&#160;&#160;&#160;
          </div>
        </div>
        <Literal ID="TabOffsetValue" />
        <Border ID="DataContextPanel" Style="display:none;">
          <DataContext ID="DataContext" Root="/sitecore" DataViewName="Master" />
        </Border>
      </Border>
    </FormPage>
  </PowerShellSessionElevation>
</control>