﻿<?xml version="1.0" encoding="utf-8"?>

<control xmlns:def="Definition" xmlns="http://schemas.sitecore.net/Visual-Studio-Intellisense">
  <PowerShellResultViewerText>
    <FormPage>
      <CodeBeside Type="Spe.Client.Applications.PowerShellResultViewerText,Spe" />

      <Stylesheet Src="Dialogs.css" DeviceDependant="true" runat="server" />
      <Stylesheet Src="/sitecore/shell/themes/standard/default.css" DeviceDependant="true" runat="server" />
      <Stylesheet Src="/sitecore modules/PowerShell/Styles/jquery.ui.all.css" DeviceDependant="true" runat="server" />
      <Stylesheet Src="/sitecore modules/PowerShell/Styles/Console.css" DeviceDependant="true" runat="server" />
      <Script src="/sitecore modules/PowerShell/Scripts/jquery-3.5.1.min.js"></Script>
      <Script>$viewer = jQuery.noConflict();</Script>
      <Stylesheet>
        pre { margin: 2px;}
      </Stylesheet>

      <Border class="scFlexColumnContainer scStretch">
        <Border class="scDialogHeader">
          <div id="HeaderIconContainer">
            <ThemedImage ID="Icon" Width="24" Height="24" Src="powershell/24x24/spe.png" Alt="" runat="server" />
          </div>
          <Border>
            <Border Class="DialogHeader">
              <Literal Text="Script Execution Result..." ID="DialogHeader" />
            </Border>
            <Border Class="DialogHeaderDescription">
              <Literal ID="PsProgressStatus" Text="&lt;span class='status'&gt;&lt;/span&gt;&lt;br/&gt;" />
            </Border>
          </Border>
        </Border>

        <Scrollbox Class="scFlexContent">
          <Scrollbox ID="All" Class="scStretchAbsolute scDialogContentContainer consoleWrapper console pre">
            <Scrollbox ID="Promo" class="promoArea console pre">
              <Border Align="Right" Foreground="#999999">
                <Literal Class="credits" />
              </Border>
            </Scrollbox>
            <pre>
              <Border ID="Result" class="resultsArea console pre" />
            </pre>
          </Scrollbox>
        </Scrollbox>
      </Border>
      <Script>
        (function($) {
          $(function() {
            var currentYear = (new Date()).getFullYear();
            var greetings = "Copyright &#169; 2010-" + currentYear + " Adam Najmanowicz, Michael West. All rights Reserved.";
            $('.credits').html(greetings);
          });
        }($viewer));
      </Script>
    </FormPage>
  </PowerShellResultViewerText>
</control>